filename;size;dominating_set;runtime;mipgap;optimal
rnd_1000_30_2.txt;10;[182, 262, 277, 293, 348, 375, 522, 557, 645, 950];1800.0216388702393;0.5;False
rnd_250_50_2.txt;4;[11, 16, 190, 244];78.44767785072327;0.0;True
rnd_75_20_2.txt;6;[8, 23, 27, 38, 49, 67];0.026239871978759766;0.0;True
rnd_1500_50_2.txt;7;[235, 332, 336, 629, 839, 1086, 1261];1800.5447130203247;0.5714285714285714;False
rnd_75_30_1.txt;5;[23, 34, 50, 55, 62];0.04190707206726074;0.0;True
rnd_800_30_3.txt;9;[284, 319, 323, 354, 540, 699, 713, 742, 762];1800.0094530582428;0.4444444444444444;False
rnd_400_30_2.txt;8;[50, 64, 65, 72, 117, 132, 198, 363];1800.0054559707642;0.25;False
rnd_300_20_4.txt;10;[14, 25, 34, 53, 89, 189, 194, 228, 237, 259];1800.0131590366364;0.2;False
rnd_600_40_3.txt;7;[97, 153, 253, 296, 325, 356, 402];1800.0124309062958;0.42857142857142855;False
rnd_50_40_3.txt;3;[19, 20, 42];0.008991003036499023;0.0;True
rnd_10_40_4.txt;2;[7, 9];0.00011181831359863281;0.0;True
rnd_400_50_3.txt;5;[63, 82, 123, 312, 357];550.6358981132507;0.0;True
rnd_500_40_2.txt;6;[240, 248, 363, 456, 469, 473];1800.0089888572693;0.16666666666666666;False
rnd_50_40_2.txt;4;[6, 11, 12, 37];0.03839302062988281;0.0;True
rnd_1000_50_2.txt;6;[85, 105, 147, 212, 687, 693];1800.0745718479156;0.5;False
rnd_400_30_3.txt;8;[35, 41, 153, 177, 250, 277, 336, 355];1800.0528481006622;0.25;False
rnd_150_40_3.txt;5;[6, 8, 69, 116, 149];1.7246208190917969;0.0;True
rnd_250_40_2.txt;5;[31, 40, 131, 197, 224];14.031776905059814;0.0;True
rnd_20_30_3.txt;3;[8, 14, 18];0.009181022644042969;0.0;True
rnd_5000_50_3.txt;9;[152, 593, 869, 1669, 2591, 3326, 3386, 3495, 3709];1801.7394320964813;0.6666666666666666;False
rnd_3500_40_4.txt;10;[90, 340, 560, 1427, 2141, 2261, 2382, 2589, 2700, 2793];1800.3593680858612;0.7;False
rnd_3000_50_4.txt;8;[237, 811, 962, 1217, 1611, 1758, 1924, 1943];1801.0678479671478;0.625;False
rnd_2000_40_3.txt;9;[124, 247, 276, 340, 365, 515, 629, 1098, 1499];1800.037868976593;0.6666666666666666;False
rnd_800_50_2.txt;6;[9, 270, 605, 716, 729, 760];1800.033185005188;0.5;False
rnd_350_50_3.txt;4;[6, 63, 211, 308];8.575079917907715;0.0;True
rnd_30_40_4.txt;3;[6, 7, 27];0.008947134017944336;0.0;True
rnd_20_30_1.txt;3;[8, 10, 16];0.0007309913635253906;0.0;True
rnd_30_20_2.txt;5;[0, 9, 15, 20, 29];0.0015559196472167969;0.0;True
rnd_2000_30_1.txt;12;[180, 187, 232, 419, 655, 706, 799, 1020, 1396, 1683, 1725, 1918];1800.03204703331;0.6666666666666666;False
rnd_450_30_4.txt;8;[6, 46, 70, 79, 163, 171, 203, 329];1800.0054860115051;0.25;False
rnd_250_50_1.txt;4;[39, 49, 211, 239];4.798800945281982;0.0;True
rnd_900_30_4.txt;10;[1, 3, 171, 279, 310, 438, 491, 640, 667, 833];1800.0084748268127;0.5;False
rnd_400_20_1.txt;11;[35, 41, 85, 106, 182, 183, 200, 213, 232, 247, 299];1800.004457950592;0.2727272727272727;False
rnd_10_20_1.txt;4;[1, 4, 5, 9];0.0001590251922607422;0.0;True
rnd_100_30_4.txt;5;[28, 40, 67, 83, 92];0.1773362159729004;0.0;True
rnd_4000_50_1.txt;8;[112, 618, 944, 2919, 2999, 3281, 3472, 3829];1800.566486120224;0.75;False
rnd_800_30_1.txt;9;[12, 15, 19, 107, 138, 174, 249, 279, 696];1800.007140159607;0.4444444444444444;False
rnd_2500_20_3.txt;18;[63, 108, 305, 395, 453, 544, 1037, 1224, 1278, 1301, 1417, 1740, 1934, 2015, 2142, 2313, 2431, 2446];1800.0744960308075;0.6666666666666666;False
rnd_4000_30_2.txt;14;[127, 160, 370, 612, 1101, 1286, 1421, 1558, 1621, 2852, 3252, 3500, 3580, 3627];1800.194422006607;0.7142857142857143;False
rnd_800_50_3.txt;6;[37, 66, 454, 552, 591, 764];1800.0108268260956;0.5;False
rnd_3000_50_2.txt;8;[177, 191, 207, 537, 986, 1137, 2284, 2649];1800.0245480537415;0.625;False
rnd_500_20_1.txt;12;[39, 94, 96, 109, 186, 199, 200, 212, 242, 251, 317, 405];1800.004184961319;0.4166666666666667;False
rnd_400_20_4.txt;11;[58, 74, 122, 125, 143, 157, 199, 281, 293, 350, 376];1800.0042898654938;0.2727272727272727;False
rnd_800_50_1.txt;6;[38, 60, 270, 343, 391, 712];1800.0130820274353;0.5;False
rnd_150_30_3.txt;6;[96, 98, 122, 125, 128, 133];2.245893955230713;0.0;True
rnd_450_40_2.txt;6;[158, 160, 175, 239, 317, 386];1800.0099608898163;0.16666666666666666;False
rnd_2000_30_3.txt;12;[147, 303, 329, 380, 388, 685, 894, 909, 1140, 1575, 1579, 1787];1800.0369069576263;0.6666666666666666;False
rnd_1500_20_1.txt;15;[87, 134, 223, 243, 276, 367, 470, 786, 895, 932, 1104, 1142, 1177, 1211, 1437];1800.038771867752;0.6;False
rnd_700_30_4.txt;9;[170, 174, 175, 193, 348, 486, 515, 615, 646];1800.0111870765686;0.4444444444444444;False
rnd_10_20_3.txt;4;[3, 6, 7, 9];0.00023508071899414062;0.0;True
rnd_600_30_1.txt;9;[69, 100, 146, 170, 221, 227, 228, 436, 578];1800.0072510242462;0.4444444444444444;False
rnd_3500_50_2.txt;8;[420, 530, 1071, 1159, 1416, 1514, 2228, 2488];1800.2677109241486;0.625;False
rnd_300_20_1.txt;10;[4, 111, 156, 169, 170, 187, 189, 233, 284, 289];1800.0137808322906;0.2;False
rnd_600_40_4.txt;7;[1, 336, 395, 467, 487, 495, 515];1800.0064718723297;0.42857142857142855;False
rnd_2500_30_3.txt;12;[250, 273, 371, 1045, 1117, 1132, 1275, 1500, 1668, 1702, 1841, 2373];1800.0883390903473;0.6666666666666666;False
rnd_400_40_2.txt;6;[126, 181, 299, 323, 353, 373];1800.0104768276215;0.16666666666666666;False
rnd_50_30_2.txt;5;[35, 46, 47, 48, 49];0.019565105438232422;0.0;True
rnd_250_30_3.txt;7;[29, 40, 127, 133, 143, 180, 183];165.31642293930054;0.0;True
rnd_700_20_4.txt;13;[23, 52, 53, 64, 124, 150, 152, 350, 468, 507, 542, 570, 603];1800.0052690505981;0.46153846153846156;False
rnd_4000_40_3.txt;11;[112, 1378, 1654, 1890, 1969, 2059, 2925, 3074, 3273, 3651, 3797];1800.1425399780273;0.7272727272727273;False
rnd_20_20_2.txt;4;[5, 11, 12, 15];0.001703023910522461;0.0;True
rnd_2000_50_1.txt;7;[170, 431, 640, 722, 1194, 1456, 1790];1800.0059728622437;0.5714285714285714;False
rnd_700_20_3.txt;13;[60, 97, 106, 111, 195, 308, 415, 442, 445, 527, 545, 603, 699];1800.0068969726562;0.46153846153846156;False
rnd_3500_40_2.txt;11;[782, 799, 873, 1154, 1658, 1894, 2560, 2663, 2753, 3060, 3301];1800.1687707901;0.7272727272727273;False
rnd_3500_20_1.txt;20;[27, 98, 195, 320, 369, 473, 594, 1045, 1368, 1451, 1500, 1648, 1814, 1817, 2331, 2884, 2927, 2953, 3062, 3257];1800.4376890659332;0.75;False
rnd_10_30_2.txt;4;[3, 4, 8, 9];0.00020313262939453125;0.0;True
rnd_150_30_1.txt;6;[46, 71, 74, 91, 92, 131];2.1729729175567627;0.0;True
rnd_10_30_3.txt;3;[5, 6, 8];0.0006079673767089844;0.0;True
rnd_500_50_3.txt;5;[5, 26, 86, 176, 303];1246.8478758335114;0.0;True
rnd_600_50_2.txt;5;[286, 313, 426, 455, 512];1800.0178759098053;0.2;False
rnd_2500_40_3.txt;9;[402, 788, 1695, 1709, 1728, 1821, 2102, 2279, 2387];1800.0864851474762;0.6666666666666666;False
rnd_30_20_4.txt;6;[0, 6, 11, 19, 25, 26];0.00490880012512207;0.0;True
rnd_20_40_2.txt;3;[1, 4, 13];0.0006630420684814453;0.0;True
rnd_1500_30_4.txt;11;[148, 181, 295, 462, 478, 586, 871, 932, 1022, 1272, 1495];1800.0378150939941;0.6363636363636364;False
rnd_50_20_2.txt;6;[2, 4, 22, 24, 27, 32];0.009753942489624023;0.0;True
rnd_10_30_1.txt;3;[1, 5, 7];0.0001361370086669922;0.0;True
rnd_3500_20_3.txt;20;[128, 219, 419, 513, 545, 638, 1079, 1191, 1277, 1441, 1584, 1622, 1760, 1916, 1973, 2267, 2785, 2895, 3007, 3175];1800.4496369361877;0.7;False
rnd_600_50_3.txt;5;[175, 209, 302, 480, 571];1800.0243039131165;0.2;False
rnd_500_40_4.txt;6;[61, 123, 138, 329, 405, 433];1800.0060980319977;0.3333333333333333;False
rnd_450_50_4.txt;5;[4, 193, 219, 429, 442];828.8853199481964;0.0;True
rnd_2500_40_1.txt;9;[43, 505, 596, 1148, 1290, 1454, 1741, 2017, 2442];1800.1030769348145;0.6666666666666666;False
rnd_3000_30_3.txt;13;[272, 348, 463, 552, 663, 757, 1142, 1146, 1261, 1980, 2510, 2524, 2546];1800.148931980133;0.6923076923076923;False
rnd_50_30_1.txt;5;[2, 9, 19, 28, 45];0.017776966094970703;0.0;True
rnd_800_20_1.txt;13;[32, 80, 83, 139, 162, 490, 534, 659, 662, 667, 671, 716, 778];1800.0080571174622;0.46153846153846156;False
rnd_2000_30_2.txt;12;[52, 278, 473, 481, 754, 819, 860, 1279, 1508, 1693, 1738, 1966];1800.0743560791016;0.6666666666666666;False
rnd_10_40_3.txt;1;[5];0.00015211105346679688;0.0;True
rnd_20_50_1.txt;2;[11, 13];0.0016028881072998047;0.0;True
rnd_4000_40_1.txt;11;[11, 41, 707, 1102, 1678, 2172, 3153, 3162, 3466, 3522, 3875];1800.1121180057526;0.7272727272727273;False
rnd_400_30_4.txt;8;[26, 163, 207, 225, 276, 288, 380, 393];1800.0060830116272;0.25;False
rnd_350_50_2.txt;4;[100, 178, 231, 311];297.1757640838623;0.0;True
rnd_1000_50_3.txt;6;[387, 724, 774, 785, 967, 969];1800.071007013321;0.5;False
rnd_400_40_1.txt;6;[48, 53, 150, 220, 278, 366];1800.0127761363983;0.16666666666666666;False
rnd_1000_20_4.txt;14;[18, 42, 210, 239, 278, 324, 412, 434, 526, 718, 877, 887, 898, 997];1800.013633966446;0.5714285714285714;False
rnd_500_20_2.txt;12;[33, 70, 116, 142, 166, 275, 290, 344, 396, 400, 408, 454];1800.00550198555;0.4166666666666667;False
rnd_1000_40_1.txt;8;[190, 255, 352, 372, 373, 628, 926, 946];1800.0109248161316;0.6249999999999996;False
rnd_900_40_4.txt;7;[6, 262, 350, 416, 524, 789, 791];1800.0127110481262;0.42857142857142855;False
rnd_350_40_3.txt;6;[4, 145, 164, 267, 278, 318];1545.8871569633484;0.0;True
rnd_50_30_4.txt;5;[2, 16, 26, 27, 44];0.019091129302978516;0.0;True
rnd_1500_40_3.txt;8;[179, 327, 511, 752, 895, 1306, 1353, 1390];1800.0377781391144;0.625;False
rnd_30_50_2.txt;2;[11, 20];0.0097808837890625;0.0;True
rnd_300_40_1.txt;6;[15, 18, 90, 154, 277, 288];730.5895178318024;0.0;True
rnd_20_30_2.txt;4;[0, 1, 3, 5];0.0021729469299316406;0.0;True
rnd_4000_50_2.txt;8;[1059, 1072, 1785, 2400, 2488, 2835, 2971, 3404];1800.5392260551453;0.625;False
rnd_800_40_1.txt;7;[31, 187, 214, 363, 439, 476, 560];1800.012666940689;0.42857142857142855;False
rnd_2000_40_4.txt;9;[43, 51, 92, 317, 738, 829, 1158, 1651, 1726];1800.0536370277405;0.6666666666666666;False
rnd_150_50_2.txt;4;[23, 123, 125, 139];1.2673671245574951;0.0;True
rnd_50_20_3.txt;6;[8, 13, 17, 22, 24, 42];0.009985208511352539;0.0;True
rnd_300_40_3.txt;5;[87, 132, 187, 220, 293];146.13744711875916;0.0;True
rnd_300_50_1.txt;4;[32, 41, 151, 180];7.558756113052368;0.0;True
rnd_30_20_1.txt;5;[0, 6, 8, 16, 27];0.0018799304962158203;0.0;True
rnd_500_50_4.txt;5;[44, 47, 209, 219, 443];1452.6627547740936;0.0;True
rnd_5000_50_1.txt;9;[240, 1446, 1727, 1880, 3060, 3352, 4118, 4449, 4604];1802.4535880088806;0.7777777777777778;False
rnd_1000_30_1.txt;9;[177, 418, 451, 611, 626, 627, 650, 833, 842];1800.0140681266785;0.4444444444444444;False
rnd_600_40_2.txt;7;[6, 171, 393, 453, 456, 465, 537];1800.0169520378113;0.42857142857142855;False
rnd_30_30_4.txt;4;[7, 15, 21, 23];0.0066721439361572266;0.0;True
rnd_5000_40_1.txt;11;[11, 642, 1904, 2458, 2513, 2879, 3034, 3086, 3407, 4645, 4958];1800.0815210342407;0.7272727272727273;False
rnd_600_30_4.txt;8;[52, 160, 298, 352, 451, 452, 497, 542];1800.007339000702;0.375;False
rnd_3500_20_4.txt;20;[89, 145, 355, 373, 375, 855, 893, 1344, 1410, 1784, 2009, 2148, 2371, 2814, 2841, 3018, 3079, 3087, 3233, 3401];1800.4968600273132;0.75;False
rnd_10_30_4.txt;4;[1, 3, 4, 7];0.00022101402282714844;0.0;True
rnd_30_50_4.txt;3;[7, 14, 22];0.002588987350463867;0.0;True
rnd_500_30_3.txt;8;[42, 135, 182, 215, 226, 252, 296, 376];1800.0063920021057;0.25;False
rnd_30_40_2.txt;3;[17, 20, 22];0.015501022338867188;0.0;True
rnd_250_20_4.txt;9;[29, 31, 112, 143, 148, 179, 181, 215, 231];119.5827419757843;0.0;True
rnd_3000_20_2.txt;19;[23, 167, 357, 1037, 1086, 1609, 1674, 1771, 1900, 1975, 1978, 2022, 2159, 2245, 2339, 2369, 2397, 2436, 2981];1800.1158409118652;0.6842105263157895;False
rnd_900_40_3.txt;7;[284, 290, 490, 535, 536, 590, 615];1800.0155069828033;0.42857142857142855;False
rnd_30_30_3.txt;3;[6, 24, 26];0.00433802604675293;0.0;True
rnd_400_50_2.txt;5;[32, 196, 286, 345, 398];484.8730170726776;0.0;True
rnd_100_40_2.txt;4;[5, 20, 27, 28];0.1535179615020752;0.0;True
rnd_450_20_1.txt;11;[45, 159, 201, 275, 286, 307, 320, 321, 375, 387, 401];1800.003916978836;0.36363636363636365;False
rnd_100_50_4.txt;3;[39, 50, 72];0.03126716613769531;0.0;True
rnd_500_50_2.txt;5;[36, 96, 204, 286, 348];1602.41384100914;0.0;True
rnd_350_30_4.txt;8;[81, 97, 139, 208, 231, 272, 292, 322];1800.0043830871582;0.25;False
rnd_250_40_3.txt;5;[167, 180, 181, 211, 213];20.75852608680725;0.0;True
rnd_800_50_4.txt;6;[141, 315, 362, 642, 656, 760];1800.011283159256;0.5;False
rnd_2500_50_1.txt;8;[305, 325, 704, 988, 1266, 1282, 1346, 1436];1800.0191259384155;0.625;False
rnd_800_40_4.txt;7;[105, 208, 275, 489, 528, 635, 674];1800.0112040042877;0.42857142857142855;False
rnd_50_20_4.txt;6;[0, 3, 13, 26, 29, 40];0.013911008834838867;0.0;True
rnd_1500_30_2.txt;11;[89, 412, 425, 428, 648, 957, 1033, 1092, 1101, 1197, 1331];1800.0431520938873;0.6363636363636364;False
rnd_800_30_2.txt;9;[34, 83, 408, 410, 456, 490, 577, 655, 704];1800.0086348056793;0.4444444444444444;False
rnd_2000_40_1.txt;9;[7, 181, 538, 767, 922, 1369, 1377, 1583, 1656];1800.1549611091614;0.6666666666666666;False
rnd_3000_40_3.txt;9;[1230, 1585, 1710, 2208, 2307, 2314, 2518, 2625, 2958];1800.1699209213257;0.6666666666666666;False
rnd_300_50_4.txt;4;[107, 167, 206, 260];108.28614497184753;0.0;True
rnd_1500_40_4.txt;8;[271, 291, 510, 733, 799, 836, 1230, 1369];1800.046263217926;0.625;False
rnd_400_20_2.txt;11;[48, 58, 113, 122, 160, 250, 251, 260, 291, 294, 382];1800.0101308822632;0.2727272727272727;False
rnd_450_20_3.txt;11;[7, 98, 139, 207, 219, 230, 290, 324, 412, 428, 446];1800.0105578899384;0.2727272727272727;False
rnd_600_20_3.txt;12;[27, 58, 125, 151, 172, 202, 431, 433, 461, 549, 553, 558];1800.0047969818115;0.4166666666666667;False
rnd_100_20_1.txt;7;[0, 4, 10, 19, 30, 63, 80];0.14691805839538574;0.0;True
rnd_3500_30_4.txt;14;[256, 753, 775, 1021, 1089, 1288, 1305, 1870, 1985, 2046, 2331, 2537, 2937, 3189];1800.2822849750519;0.7142857142857143;False
rnd_75_30_3.txt;5;[3, 34, 45, 47, 70];0.03482198715209961;0.0;True
rnd_450_40_4.txt;6;[65, 148, 269, 333, 342, 403];1800.011862039566;0.16666666666666666;False
rnd_350_30_1.txt;7;[29, 59, 76, 123, 295, 304, 336];498.4740629196167;0.0;True
rnd_300_30_1.txt;7;[12, 90, 92, 150, 164, 257, 267];219.64504384994507;0.0;True
rnd_450_40_3.txt;6;[39, 106, 196, 307, 368, 394];1800.0101521015167;0.16666666666666666;False
rnd_20_50_4.txt;2;[5, 12];0.0012888908386230469;0.0;True
rnd_900_20_4.txt;14;[38, 63, 230, 277, 380, 394, 453, 466, 480, 491, 632, 636, 649, 665];1800.0105679035187;0.5;False
rnd_400_50_1.txt;5;[30, 131, 180, 216, 222];561.1869988441467;0.0;True
rnd_300_50_3.txt;4;[29, 74, 114, 237];88.40737700462341;0.0;True
rnd_700_50_3.txt;5;[100, 234, 403, 591, 643];1800.007122039795;0.2;False
rnd_2000_50_3.txt;7;[103, 111, 230, 304, 747, 1010, 1900];1800.013787984848;0.5714285714285714;False
rnd_600_20_1.txt;13;[41, 51, 100, 195, 244, 273, 293, 360, 388, 406, 454, 508, 530];1800.0051219463348;0.46153846153846156;False
rnd_350_20_1.txt;11;[56, 63, 73, 102, 106, 118, 171, 214, 270, 281, 348];1800.005518913269;0.2727272727272727;False
rnd_2500_20_2.txt;18;[107, 108, 121, 162, 401, 580, 813, 950, 966, 1076, 1091, 1144, 1281, 1519, 1545, 1713, 2277, 2363];1800.1136620044708;0.6666666666666666;False
rnd_50_40_4.txt;4;[9, 10, 14, 19];0.02084493637084961;0.0;True
rnd_450_20_2.txt;11;[68, 77, 88, 98, 191, 265, 300, 368, 427, 430, 436];1800.00799202919;0.2727272727272727;False
rnd_250_20_1.txt;9;[8, 108, 109, 127, 136, 139, 164, 193, 225];481.14436292648315;0.0;True
rnd_3000_20_1.txt;18;[9, 53, 161, 166, 558, 885, 1117, 1346, 1566, 1653, 1748, 2153, 2349, 2371, 2567, 2834, 2858, 2989];1800.2334201335907;0.6666666666666666;False
rnd_150_50_1.txt;4;[2, 79, 113, 125];0.8587899208068848;0.0;True
rnd_500_40_1.txt;6;[62, 129, 133, 186, 242, 472];1800.0090689659119;0.3333333333333333;False
rnd_50_50_4.txt;3;[5, 11, 45];0.018752098083496094;0.0;True
rnd_1000_20_3.txt;14;[63, 97, 142, 252, 465, 466, 468, 514, 669, 829, 908, 925, 941, 995];1800.0127129554749;0.5714285714285714;False
rnd_20_20_4.txt;4;[1, 4, 5, 16];0.0013060569763183594;0.0;True
rnd_900_30_1.txt;9;[189, 219, 385, 453, 502, 551, 741, 796, 863];1800.0119199752808;0.4444444444444444;False
rnd_700_30_3.txt;9;[32, 35, 217, 271, 408, 428, 436, 456, 696];1800.007611989975;0.4444444444444444;False
rnd_1500_20_4.txt;16;[21, 68, 112, 284, 287, 551, 740, 772, 808, 922, 1146, 1179, 1187, 1280, 1326, 1490];1800.0377101898193;0.625;False
rnd_600_50_4.txt;5;[162, 237, 345, 429, 598];1800.0272879600525;0.2;False
rnd_700_20_2.txt;12;[34, 245, 255, 259, 306, 426, 460, 474, 505, 587, 639, 686];1800.0134868621826;0.4166666666666667;False
rnd_250_30_2.txt;7;[18, 28, 100, 128, 131, 190, 216];93.7229208946228;0.0;True
rnd_1500_40_2.txt;8;[235, 414, 504, 557, 1144, 1219, 1269, 1473];1800.0496311187744;0.625;False
rnd_75_40_2.txt;4;[2, 38, 57, 70];0.0471949577331543;0.0;True
rnd_350_30_2.txt;8;[57, 98, 102, 111, 135, 233, 250, 274];1800.0052931308746;0.25;False
rnd_20_20_1.txt;5;[2, 3, 4, 11, 14];0.001329183578491211;0.0;True
rnd_700_50_1.txt;5;[73, 348, 551, 571, 660];1800.011104106903;0.2;False
rnd_800_30_4.txt;9;[40, 69, 93, 170, 253, 261, 291, 452, 500];1800.0084941387177;0.4444444444444444;False
rnd_3000_50_1.txt;8;[633, 1313, 1480, 1527, 1561, 1729, 1913, 2747];1800.3481440544128;0.625;False
rnd_1000_50_1.txt;6;[74, 431, 523, 562, 602, 795];1800.06041097641;0.5;False
rnd_75_30_4.txt;5;[40, 44, 57, 63, 64];0.041916847229003906;0.0;True
rnd_350_40_1.txt;6;[28, 89, 122, 211, 262, 263];1686.1608319282532;0.0;True
rnd_3500_20_2.txt;20;[273, 301, 316, 395, 508, 612, 634, 674, 955, 1116, 1635, 1649, 1700, 2047, 2110, 2296, 2667, 2706, 2890, 2966];1800.1678490638733;0.7;False
rnd_700_40_4.txt;7;[343, 350, 381, 443, 593, 631, 690];1800.006464958191;0.42857142857142855;False
rnd_2000_20_1.txt;17;[4, 281, 365, 485, 502, 646, 659, 711, 765, 826, 999, 1043, 1081, 1182, 1473, 1757, 1790];1800.0621769428253;0.7058823529411765;False
rnd_400_50_4.txt;5;[3, 21, 111, 133, 334];594.2471430301666;0.0;True
rnd_100_40_3.txt;4;[19, 45, 93, 95];0.12912702560424805;0.0;True
rnd_350_20_4.txt;11;[11, 19, 87, 125, 137, 233, 260, 281, 308, 328, 330];1800.0035200119019;0.2727272727272727;False
rnd_75_50_4.txt;4;[5, 6, 14, 20];0.13779020309448242;0.0;True
rnd_4000_50_4.txt;8;[11, 184, 827, 994, 1040, 1477, 2610, 2837];1800.529088973999;0.75;False
rnd_500_20_3.txt;12;[5, 114, 161, 162, 176, 199, 283, 375, 381, 383, 396, 404];1800.0062639713287;0.4166666666666667;False
rnd_3000_20_3.txt;19;[407, 545, 582, 719, 800, 816, 1503, 1692, 1870, 2062, 2085, 2320, 2405, 2471, 2521, 2534, 2600, 2832, 2922];1800.1192989349365;0.6842105263157895;False
rnd_1000_20_1.txt;14;[44, 63, 174, 235, 342, 452, 481, 573, 606, 699, 731, 784, 789, 802];1800.0104291439056;0.5714285714285714;False
rnd_300_30_4.txt;7;[13, 17, 110, 116, 160, 174, 202];248.90451192855835;0.0;True
rnd_100_50_2.txt;4;[61, 80, 98, 99];0.24439096450805664;0.0;True
rnd_2000_50_4.txt;7;[74, 373, 499, 781, 980, 1593, 1718];1800.0247068405151;0.5714285714285714;False
rnd_10_20_2.txt;3;[0, 7, 9];0.00021195411682128906;0.0;True
rnd_100_20_2.txt;7;[17, 29, 56, 71, 73, 88, 94];0.14409303665161133;0.0;True
rnd_300_40_2.txt;5;[5, 8, 23, 129, 245];221.85294198989868;0.0;True
rnd_50_50_3.txt;3;[1, 10, 21];0.005526065826416016;0.0;True
rnd_50_40_1.txt;4;[3, 17, 38, 41];0.01627492904663086;0.0;True
rnd_3000_40_4.txt;9;[117, 179, 187, 856, 1051, 1994, 2206, 2416, 2460];1800.3316061496735;0.6666666666666666;False
rnd_700_50_2.txt;5;[15, 179, 229, 420, 541];1800.0185029506683;0.2;False
rnd_1500_20_2.txt;16;[21, 156, 230, 243, 268, 498, 524, 576, 985, 1213, 1219, 1265, 1357, 1373, 1384, 1443];1800.043800830841;0.625;False
rnd_300_30_2.txt;7;[95, 115, 137, 185, 196, 212, 259];330.1767909526825;0.0;True
rnd_2500_20_1.txt;18;[17, 30, 197, 367, 571, 629, 734, 932, 1067, 1644, 1916, 1947, 2094, 2145, 2237, 2278, 2383, 2458];1800.0666580200195;0.7222222222222222;False
rnd_100_30_3.txt;5;[10, 35, 43, 53, 75];0.2077951431274414;0.0;True
rnd_4000_30_3.txt;15;[283, 663, 751, 889, 1030, 1681, 1744, 2365, 2389, 2652, 2982, 3064, 3267, 3596, 3708];1800.1858079433441;0.7333333333333333;False
rnd_5000_40_2.txt;12;[706, 716, 963, 1585, 1825, 2199, 3220, 3306, 3711, 3924, 4169, 4664];1801.2950310707092;0.75;False
rnd_400_40_4.txt;6;[31, 52, 144, 221, 235, 398];1800.0089910030365;0.16666666666666666;False
rnd_100_50_1.txt;3;[41, 51, 79];0.26392102241516113;0.0;True
rnd_5000_20_3.txt;23;[49, 119, 229, 460, 729, 738, 836, 907, 1929, 2024, 2147, 2248, 2303, 2339, 2391, 3085, 3223, 3507, 3825, 3961, 4237, 4551, 4851];1800.0572571754456;0.7826084370904423;False
rnd_800_20_3.txt;13;[19, 21, 92, 113, 169, 324, 336, 413, 585, 600, 606, 619, 760];1800.0080630779266;0.46153846153846156;False
rnd_75_50_3.txt;4;[16, 46, 58, 69];0.12598299980163574;0.0;True
rnd_2000_20_2.txt;17;[12, 116, 472, 535, 657, 772, 788, 851, 863, 868, 1071, 1234, 1360, 1691, 1831, 1903, 1928];1800.0788588523865;0.6470588235294118;False
rnd_900_50_3.txt;6;[128, 139, 204, 225, 410, 693];1800.054015159607;0.5;False
rnd_3500_50_4.txt;8;[71, 88, 110, 2060, 2834, 2890, 3098, 3429];1800.0996749401093;0.625;False
rnd_150_40_2.txt;5;[23, 45, 54, 95, 118];3.6623449325561523;0.0;True
rnd_50_50_1.txt;3;[14, 32, 36];0.010251045227050781;0.0;True
rnd_4000_50_3.txt;8;[961, 1509, 1824, 2034, 2386, 2825, 3811, 3891];1800.5767230987549;0.625;False
rnd_3500_30_1.txt;14;[117, 301, 356, 379, 795, 943, 970, 1060, 1237, 1273, 1498, 1508, 2801, 3179];1800.1807680130005;0.7142857142857143;False
rnd_1500_20_3.txt;16;[57, 111, 388, 506, 621, 653, 710, 760, 806, 929, 931, 1053, 1078, 1131, 1161, 1265];1800.0412061214447;0.625;False
rnd_1500_30_3.txt;11;[150, 230, 287, 449, 728, 772, 798, 1074, 1180, 1381, 1463];1800.0409979820251;0.6363636363636364;False
rnd_1000_50_4.txt;6;[95, 282, 304, 358, 679, 938];1800.2349400520325;0.5;False
rnd_250_30_4.txt;7;[27, 37, 43, 49, 155, 162, 235];70.83755087852478;0.0;True
rnd_300_40_4.txt;5;[6, 26, 64, 155, 291];268.8393681049347;0.0;True
rnd_20_40_1.txt;3;[0, 8, 13];0.0016558170318603516;0.0;True
rnd_450_30_1.txt;8;[17, 71, 115, 177, 274, 334, 342, 347];1800.0093851089478;0.25;False
rnd_150_30_2.txt;6;[22, 36, 85, 114, 123, 135];1.2247679233551025;0.0;True
rnd_300_50_2.txt;4;[8, 162, 218, 221];6.017657995223999;0.0;True
rnd_100_30_1.txt;5;[40, 59, 74, 92, 97];0.1879580020904541;0.0;True
rnd_1500_30_1.txt;11;[123, 139, 246, 598, 750, 753, 816, 1254, 1377, 1383, 1466];1800.0324828624725;0.6363636363636364;False
rnd_75_20_4.txt;7;[28, 39, 49, 58, 60, 62, 63];0.04154181480407715;0.0;True
rnd_1000_40_2.txt;7;[156, 206, 340, 454, 587, 612, 782];1800.015552997589;0.42857142857142855;False
rnd_3000_30_4.txt;13;[177, 224, 287, 735, 971, 1329, 1896, 2236, 2310, 2406, 2609, 2791, 2832];1800.1620118618011;0.6923076923076923;False
rnd_3500_30_2.txt;14;[510, 713, 745, 1060, 1144, 1154, 1677, 1880, 2153, 2756, 2997, 3035, 3369, 3441];1800.188194990158;0.7142857142857143;False
rnd_1000_30_3.txt;9;[98, 174, 373, 387, 436, 474, 485, 696, 846];1800.0147318840027;0.4444444444444444;False
rnd_5000_30_1.txt;15;[186, 330, 642, 690, 706, 1628, 1638, 1996, 2310, 2856, 2858, 2873, 3773, 4366, 4429];1800.0719139575958;0.7333333333333333;False
rnd_3000_50_3.txt;8;[489, 1607, 1698, 1949, 1956, 1987, 2337, 2757];1800.824975013733;0.625;False
rnd_150_40_1.txt;5;[9, 37, 98, 123, 137];3.582874059677124;0.0;True
rnd_3500_30_3.txt;13;[632, 681, 1033, 1886, 1889, 1892, 2691, 2860, 2871, 3004, 3121, 3237, 3356];1800.1738049983978;0.6923076923076923;False
rnd_450_40_1.txt;6;[19, 147, 180, 253, 367, 439];1800.0115671157837;0.16666666666666666;False
rnd_75_40_4.txt;4;[1, 4, 70, 73];0.07132101058959961;0.0;True
rnd_2000_30_4.txt;11;[57, 91, 187, 223, 305, 663, 982, 1231, 1445, 1489, 1811];1800.0618710517883;0.6363636363636364;False
rnd_800_20_4.txt;13;[222, 242, 343, 354, 431, 486, 513, 531, 556, 589, 616, 670, 677];1800.0110039710999;0.46153846153846156;False
rnd_700_20_1.txt;13;[3, 41, 55, 91, 143, 219, 323, 437, 546, 577, 591, 656, 677];1800.006726026535;0.46153846153846156;False
rnd_3000_40_1.txt;9;[502, 622, 711, 883, 1456, 1882, 2018, 2134, 2183];1800.1813869476318;0.6666666666666666;False
rnd_4000_20_4.txt;22;[173, 188, 225, 452, 456, 506, 730, 1109, 1418, 1892, 2234, 2423, 2690, 2866, 3022, 3273, 3370, 3389, 3400, 3576, 3595, 3743];1800.132241010666;0.7272727272727273;False
rnd_100_50_3.txt;4;[40, 64, 74, 99];0.2521669864654541;0.0;True
rnd_2000_50_2.txt;7;[146, 230, 328, 1092, 1372, 1692, 1816];1800.4098839759827;0.5714285714285714;False
rnd_5000_50_4.txt;9;[25, 605, 1057, 2267, 2569, 3333, 3908, 4640, 4976];1803.003685951233;0.6666666666666666;False
rnd_500_40_3.txt;6;[53, 172, 182, 183, 235, 328];1800.0053088665009;0.3333333333333333;False
rnd_2500_30_1.txt;13;[252, 431, 672, 698, 845, 1251, 1386, 1547, 1768, 1781, 2046, 2165, 2387];1800.0719559192657;0.6923076923076923;False
rnd_3000_30_1.txt;13;[354, 404, 565, 1598, 1651, 1652, 1805, 1847, 1908, 1982, 2067, 2883, 2955];1800.2337691783905;0.6923076923076923;False
rnd_75_50_2.txt;3;[24, 28, 50];0.02176809310913086;0.0;True
rnd_2000_20_4.txt;17;[11, 36, 261, 314, 373, 400, 574, 706, 722, 786, 831, 835, 1136, 1317, 1756, 1972, 1991];1800.076950788498;0.7058823529411765;False
rnd_20_50_2.txt;3;[13, 18, 19];0.0066030025482177734;0.0;True
rnd_1500_50_3.txt;6;[487, 509, 897, 1111, 1198, 1375];1800.5345981121063;0.5000000000052759;False
rnd_250_30_1.txt;7;[82, 91, 174, 197, 241, 242, 247];73.45076990127563;0.0;True
rnd_250_40_4.txt;5;[17, 183, 190, 204, 231];16.846828937530518;0.0;True
rnd_10_40_1.txt;3;[3, 6, 9];0.0005300045013427734;0.0;True
rnd_5000_30_4.txt;15;[292, 526, 532, 658, 761, 828, 1033, 1182, 1309, 1939, 1982, 3730, 3874, 4184, 4856];1800.5407929420471;0.7333333333333333;False
rnd_450_20_4.txt;11;[20, 35, 36, 40, 58, 135, 218, 280, 313, 395, 409];1800.0031850337982;0.2727272727272727;False
rnd_500_30_2.txt;8;[30, 35, 39, 54, 57, 300, 382, 432];1800.0047409534454;0.25;False
rnd_20_20_3.txt;4;[5, 11, 16, 18];0.0012650489807128906;0.0;True
rnd_3000_40_2.txt;10;[95, 223, 385, 552, 896, 924, 1637, 1784, 2003, 2267];1800.2509489059448;0.7;False
rnd_450_50_3.txt;5;[6, 59, 60, 180, 183];878.3657460212708;0.0;True
rnd_800_40_2.txt;7;[12, 223, 274, 689, 698, 700, 738];1800.0102400779724;0.42857142857142855;False
rnd_150_20_4.txt;8;[23, 35, 61, 70, 86, 91, 94, 100];3.356719970703125;0.0;True
rnd_1500_50_4.txt;6;[385, 505, 746, 938, 1202, 1332];1800.175437927246;0.5;False
rnd_30_20_3.txt;6;[3, 7, 8, 18, 22, 25];0.0018820762634277344;0.0;True
rnd_700_30_2.txt;9;[51, 198, 200, 220, 257, 297, 539, 567, 699];1800.0080089569092;0.4444444444444444;False
rnd_10_50_3.txt;2;[3, 9];0.0005249977111816406;0.0;True
rnd_450_50_1.txt;5;[78, 81, 202, 291, 337];895.0839059352875;0.0;True
rnd_700_50_4.txt;5;[119, 215, 233, 435, 578];1800.0077559947968;0.2;False
rnd_350_40_2.txt;5;[68, 168, 172, 260, 313];53.001181840896606;0.0;True
rnd_300_30_3.txt;7;[68, 106, 172, 179, 183, 274, 295];210.48751091957092;0.0;True
rnd_2500_40_2.txt;9;[140, 318, 1003, 1066, 1172, 1264, 1515, 1862, 2329];1800.1021711826324;0.6666666666666666;False
rnd_30_50_3.txt;3;[4, 5, 18];0.003919124603271484;0.0;True
rnd_75_40_1.txt;4;[2, 19, 45, 57];0.04497408866882324;0.0;True
rnd_50_20_1.txt;6;[2, 8, 10, 22, 27, 44];0.005615949630737305;0.0;True
rnd_900_40_1.txt;7;[173, 325, 488, 574, 615, 843, 864];1800.0207810401917;0.42857142857142855;False
rnd_4000_40_2.txt;11;[251, 521, 898, 1135, 1223, 1443, 1602, 1902, 2024, 2423, 2958];1800.184355020523;0.7272727272727273;False
rnd_150_50_3.txt;4;[78, 80, 120, 127];0.729172945022583;0.0;True
rnd_5000_20_1.txt;22;[237, 453, 747, 766, 817, 1311, 1495, 1884, 1985, 2051, 2505, 2626, 2883, 2909, 2976, 3000, 3049, 3160, 4533, 4560, 4628, 4629];1800.074401140213;0.7272727272727273;False
rnd_900_30_2.txt;9;[44, 239, 245, 258, 450, 519, 658, 720, 853];1800.0090029239655;0.4444444444444444;False
rnd_3500_40_3.txt;10;[121, 530, 907, 1042, 1137, 1562, 1961, 2145, 2858, 3128];1800.261862039566;0.7;False
rnd_10_50_1.txt;2;[5, 9];0.00017499923706054688;0.0;True
rnd_100_20_3.txt;7;[9, 26, 34, 41, 54, 55, 77];0.18842291831970215;0.0;True
rnd_350_50_1.txt;5;[69, 284, 298, 336, 337];322.2548770904541;0.0;True
rnd_600_30_2.txt;9;[112, 123, 125, 157, 230, 253, 268, 299, 419];1800.0058269500732;0.4444444444444444;False
rnd_250_50_4.txt;4;[76, 81, 156, 189];4.926229000091553;0.0;True
rnd_900_20_1.txt;14;[35, 148, 170, 203, 292, 361, 373, 466, 566, 607, 726, 794, 829, 894];1800.0084671974182;0.5;False
rnd_4000_30_1.txt;15;[19, 36, 291, 334, 631, 745, 826, 939, 1232, 1999, 2499, 2670, 2717, 3577, 3944];1800.1863198280334;0.7333333333333333;False
rnd_2500_50_2.txt;7;[60, 542, 681, 816, 914, 953, 1031];1800.0205528736115;0.5714285714285714;False
rnd_150_30_4.txt;6;[1, 76, 88, 130, 136, 142];1.3128092288970947;0.0;True
rnd_3500_50_1.txt;8;[1, 305, 333, 892, 939, 1719, 3069, 3171];1801.4760959148407;0.75;False
rnd_75_50_1.txt;3;[15, 38, 72];0.031952857971191406;0.0;True
rnd_900_50_2.txt;6;[137, 277, 361, 375, 563, 590];1800.0124599933624;0.5;False
rnd_4000_20_2.txt;21;[261, 272, 528, 552, 624, 667, 758, 903, 1078, 1092, 1286, 1506, 2487, 2568, 2589, 3393, 3472, 3529, 3697, 3725, 3891];1800.26566696167;0.7619047619047619;False
rnd_450_50_2.txt;5;[121, 152, 338, 400, 425];909.1822559833527;0.0;True
rnd_1500_40_1.txt;8;[59, 525, 693, 706, 780, 839, 895, 914];1800.03302693367;0.625;False
rnd_450_30_3.txt;8;[10, 196, 232, 240, 298, 317, 424, 443];1800.004714012146;0.25;False
rnd_50_30_3.txt;5;[27, 31, 36, 40, 48];0.017136096954345703;0.0;True
rnd_4000_40_4.txt;11;[351, 384, 1282, 1358, 1389, 1552, 1700, 1901, 1918, 1929, 2035];1800.129420042038;0.7272727272727273;False
rnd_350_50_4.txt;5;[52, 85, 124, 294, 298];374.85735988616943;0.0;True
rnd_600_40_1.txt;7;[250, 254, 286, 288, 441, 442, 481];1800.0135769844055;0.42857142857142855;False
rnd_20_40_3.txt;2;[3, 5];0.0015931129455566406;0.0;True
rnd_30_30_2.txt;4;[1, 3, 10, 17];0.010909080505371094;0.0;True
rnd_2000_20_3.txt;18;[101, 125, 170, 199, 247, 325, 838, 898, 1062, 1183, 1231, 1399, 1417, 1507, 1702, 1711, 1869, 1872];1800.0729370117188;0.6666666666666666;False
rnd_4000_30_4.txt;15;[197, 878, 1028, 1080, 1188, 1696, 1736, 2324, 2510, 2541, 2996, 3162, 3343, 3669, 3899];1800.148549079895;0.7333333333333333;False
rnd_500_20_4.txt;12;[10, 59, 70, 92, 130, 188, 213, 223, 258, 295, 302, 437];1800.0069580078125;0.4166666666666667;False
rnd_1500_50_1.txt;7;[7, 614, 648, 856, 1308, 1478, 1496];1800.1545159816742;0.5714285714285714;False
rnd_4000_20_3.txt;21;[106, 114, 133, 310, 486, 1009, 1127, 1226, 1357, 1500, 1658, 1921, 2042, 2228, 3026, 3162, 3748, 3785, 3939, 3956, 3981];1800.2825989723206;0.7619047619047619;False
rnd_300_20_3.txt;10;[14, 30, 55, 152, 166, 175, 224, 269, 294, 296];1800.0111989974976;0.2;False
rnd_400_20_3.txt;11;[18, 23, 50, 146, 179, 184, 230, 236, 258, 299, 322];1800.0065739154816;0.2727272727272727;False
rnd_250_50_3.txt;4;[41, 173, 182, 249];6.730056047439575;0.0;True
rnd_75_40_3.txt;4;[15, 19, 39, 66];0.02951216697692871;0.0;True
rnd_600_20_2.txt;12;[9, 87, 222, 284, 366, 381, 420, 427, 430, 457, 536, 574];1800.0041501522064;0.4166666666666667;False
rnd_150_20_3.txt;8;[17, 24, 76, 100, 105, 107, 121, 137];1.918548822402954;0.0;True
rnd_2500_30_4.txt;12;[46, 120, 305, 413, 807, 845, 1236, 1266, 1292, 1578, 1918, 2403];1800.1098749637604;0.6666666666666666;False
rnd_150_20_2.txt;8;[15, 25, 43, 54, 64, 115, 116, 131];1.348423957824707;0.0;True
rnd_75_20_3.txt;7;[29, 30, 44, 50, 62, 67, 71];0.041674137115478516;0.0;True
rnd_100_40_1.txt;4;[0, 15, 55, 83];0.08251404762268066;0.0;True
rnd_400_30_1.txt;8;[135, 165, 189, 202, 239, 248, 333, 350];1800.0045199394226;0.25;False
rnd_3500_50_3.txt;8;[20, 324, 660, 851, 884, 1686, 1928, 3176];1800.0356330871582;0.625;False
rnd_250_20_3.txt;9;[16, 71, 106, 110, 140, 184, 206, 217, 240];1626.7197048664093;0.0;True
rnd_150_20_1.txt;8;[6, 10, 31, 68, 74, 87, 109, 149];1.6826059818267822;0.0;True
rnd_100_30_2.txt;5;[12, 53, 70, 82, 93];0.2424449920654297;0.0;True
rnd_20_40_4.txt;3;[1, 4, 7];0.003237009048461914;0.0;True
rnd_900_40_2.txt;7;[63, 89, 136, 259, 615, 631, 848];1800.0125138759613;0.42857142857142855;False
rnd_900_30_3.txt;9;[203, 310, 405, 409, 458, 596, 697, 744, 775];1800.0121400356293;0.4444444444444444;False
rnd_2500_50_3.txt;7;[57, 112, 1048, 1103, 1344, 1715, 2072];1800.1773550510406;0.5714285714285714;False
rnd_800_20_2.txt;13;[110, 171, 268, 316, 319, 531, 533, 548, 597, 606, 614, 630, 704];1800.0085880756378;0.46153846153846156;False
rnd_30_30_1.txt;5;[16, 22, 25, 26, 27];0.009151935577392578;0.0;True
rnd_5000_40_3.txt;11;[52, 1229, 1546, 1631, 2137, 3165, 3267, 3918, 4342, 4729, 4751];1800.1094570159912;0.7272727272727273;False
rnd_900_20_3.txt;14;[3, 157, 167, 206, 218, 228, 239, 267, 394, 427, 529, 601, 689, 831];1800.0128660202026;0.5;False
rnd_700_30_1.txt;9;[49, 192, 226, 375, 381, 389, 391, 516, 554];1800.0072920322418;0.4444444444444444;False
rnd_350_20_2.txt;10;[65, 105, 119, 142, 146, 147, 153, 188, 205, 239];1800.004597902298;0.2;False
rnd_500_50_1.txt;5;[88, 394, 444, 459, 490];1453.0969758033752;0.0;True
rnd_5000_40_4.txt;11;[915, 959, 1225, 1328, 1384, 1987, 2206, 2276, 3779, 3945, 4524];1800.1077251434326;0.7272727272727273;False
rnd_75_30_2.txt;5;[22, 24, 27, 37, 60];0.06129193305969238;0.0;True
rnd_75_20_1.txt;7;[13, 20, 24, 25, 35, 39, 50];0.08491301536560059;0.0;True
rnd_2000_40_2.txt;9;[90, 345, 424, 966, 1146, 1435, 1469, 1579, 1791];1800.0334479808807;0.6666666666666666;False
rnd_3000_20_4.txt;18;[158, 341, 384, 675, 699, 905, 940, 1243, 1271, 1508, 1674, 1981, 2057, 2281, 2564, 2645, 2828, 2891];1800.1638441085815;0.6666666666666666;False
rnd_1000_30_4.txt;10;[45, 62, 362, 461, 506, 725, 735, 805, 893, 985];1800.0125648975372;0.5;False
rnd_30_50_1.txt;2;[10, 26];0.008814096450805664;0.0;True
rnd_30_40_3.txt;3;[3, 17, 24];0.001405954360961914;0.0;True
rnd_3500_40_1.txt;10;[361, 433, 478, 576, 1131, 1768, 1860, 3165, 3176, 3217];1800.2389969825745;0.7;False
rnd_500_30_1.txt;8;[216, 271, 273, 284, 299, 361, 409, 433];1800.0060040950775;0.25;False
rnd_700_40_3.txt;7;[121, 160, 451, 469, 510, 577, 619];1800.024672985077;0.42857142857142855;False
rnd_600_30_3.txt;9;[64, 106, 225, 232, 322, 442, 507, 519, 528];1800.0071229934692;0.4444444444444444;False
rnd_100_20_4.txt;7;[24, 27, 36, 44, 57, 74, 98];0.30708909034729004;0.0;True
rnd_700_40_1.txt;7;[174, 277, 335, 354, 466, 501, 506];1800.0076069831848;0.42857142857142855;False
rnd_250_40_1.txt;5;[4, 13, 187, 233, 239];12.97787094116211;0.0;True
rnd_10_40_2.txt;2;[5, 9];0.00027108192443847656;0.0;True
rnd_3000_30_2.txt;13;[546, 746, 1018, 1115, 1270, 1288, 1351, 2095, 2127, 2144, 2253, 2453, 2892];1800.341500043869;0.6923076923076923;False
rnd_2500_40_4.txt;9;[399, 438, 794, 1396, 1463, 1502, 1669, 1788, 1948];1800.067300081253;0.6666666666666666;False
rnd_5000_50_2.txt;9;[954, 2377, 2512, 2596, 3614, 4035, 4140, 4711, 4715];1802.1844680309296;0.6666666666666666;False
rnd_150_40_4.txt;5;[8, 27, 105, 114, 135];1.0748889446258545;0.0;True
rnd_30_40_1.txt;3;[5, 21, 24];0.0026960372924804688;0.0;True
rnd_700_40_2.txt;7;[208, 296, 336, 389, 476, 488, 661];1800.010684967041;0.42857142857142855;False
rnd_20_30_4.txt;4;[4, 11, 13, 18];0.0013701915740966797;0.0;True
rnd_50_50_2.txt;3;[3, 12, 37];0.006490945816040039;0.0;True
rnd_10_20_4.txt;4;[0, 2, 5, 6];0.0005819797515869141;0.0;True
rnd_350_30_3.txt;8;[16, 156, 161, 186, 188, 244, 269, 320];1800.004544019699;0.25;False
rnd_600_20_4.txt;13;[64, 75, 137, 161, 172, 252, 386, 451, 456, 472, 521, 551, 566];1800.005558013916;0.46153846153846156;False
rnd_250_20_2.txt;9;[34, 45, 51, 56, 69, 87, 127, 138, 169];857.5233359336853;0.0;True
rnd_4000_20_1.txt;21;[91, 430, 682, 720, 798, 1196, 1221, 1248, 1786, 2663, 2747, 2978, 3067, 3082, 3128, 3256, 3558, 3571, 3619, 3867, 3927];1800.2776520252228;0.7619047619047619;False
rnd_350_20_3.txt;10;[16, 33, 79, 199, 227, 240, 243, 287, 298, 325];1800.0056040287018;0.2;False
rnd_900_50_4.txt;6;[30, 52, 213, 263, 458, 583];1800.042580127716;0.5;False
rnd_5000_20_4.txt;23;[113, 337, 540, 707, 809, 826, 943, 1181, 1190, 1614, 2120, 2470, 3089, 3100, 3141, 3162, 3354, 3434, 3638, 3819, 4309, 4741, 4761];1800.0746760368347;0.782608695652174;False
rnd_100_40_4.txt;5;[48, 60, 67, 85, 88];0.2686278820037842;0.0;True
rnd_2500_30_2.txt;12;[193, 222, 337, 469, 569, 671, 771, 1741, 1924, 2066, 2255, 2320];1800.1554398536682;0.6666666666666666;False
rnd_1000_20_2.txt;14;[36, 76, 171, 285, 339, 496, 578, 653, 662, 690, 736, 777, 780, 891];1800.0123090744019;0.5714285714285714;False
rnd_900_50_1.txt;6;[461, 735, 803, 808, 809, 895];1800.0134580135345;0.5;False
rnd_400_40_3.txt;6;[84, 148, 241, 252, 346, 365];1800.0076310634613;0.16666666666666666;False
rnd_2500_20_4.txt;18;[91, 234, 595, 610, 633, 744, 778, 867, 960, 1021, 1142, 1424, 1443, 1698, 1875, 2149, 2299, 2383];1800.0847589969635;0.6666666666666666;False
rnd_350_40_4.txt;6;[65, 126, 165, 195, 308, 329];1568.0555050373077;0.0;True
rnd_150_50_4.txt;4;[29, 82, 123, 145];0.8913459777832031;0.0;True
rnd_600_50_1.txt;5;[224, 264, 361, 376, 472];1800.0203511714935;0.2;False
rnd_450_30_2.txt;8;[2, 20, 83, 226, 241, 261, 271, 371];1800.0063529014587;0.25;False
rnd_5000_30_2.txt;15;[673, 768, 901, 1205, 1289, 1335, 1491, 1522, 1550, 1590, 1730, 2347, 2644, 3556, 4047];1800.4144310951233;0.7333333333333333;False
rnd_1000_40_4.txt;7;[121, 168, 387, 695, 843, 943, 956];1800.0158910751343;0.42857142857142855;False
rnd_300_20_2.txt;10;[14, 17, 25, 26, 30, 183, 218, 248, 267, 296];1800.0140190124512;0.2;False
rnd_2500_50_4.txt;7;[162, 175, 189, 199, 1342, 1591, 2455];1800.017301082611;0.5714285714285714;False
rnd_10_50_4.txt;2;[3, 7];0.006644010543823242;0.0;True
rnd_1000_40_3.txt;8;[121, 137, 279, 355, 381, 559, 852, 978];1800.0132150650024;0.6249999999999993;False
rnd_5000_20_2.txt;22;[581, 582, 752, 1275, 1340, 1410, 1641, 1663, 1977, 2381, 2457, 2493, 2580, 2746, 2882, 2909, 3137, 3297, 4050, 4613, 4684, 4954];1800.0688869953156;0.7727272727272727;False
rnd_5000_30_3.txt;16;[115, 1353, 1901, 1982, 2259, 2498, 2570, 2796, 2883, 3257, 3547, 3731, 3892, 4547, 4666, 4755];1800.5549960136414;0.75;False
rnd_900_20_2.txt;14;[102, 113, 198, 209, 237, 257, 262, 288, 393, 456, 459, 536, 607, 770];1800.0170829296112;0.5714285714285714;False
rnd_500_30_4.txt;8;[105, 216, 233, 295, 397, 423, 435, 466];1800.0051019191742;0.25;False
rnd_800_40_3.txt;7;[83, 84, 351, 425, 712, 718, 723];1800.015711069107;0.42857142857142855;False
rnd_20_50_3.txt;2;[6, 18];0.0017108917236328125;0.0;True
rnd_10_50_2.txt;2;[0, 5];0.0006890296936035156;0.0;True
